#{"t_start": 1616681158.5311682, "env_id": null}
r,l,t
8,100,6.724112
6,100,8.521507
16,100,10.104151
9,100,11.858996
7,100,13.090872
12,100,14.798106
8,100,16.16498
11,100,17.844986
7,100,19.543198
20,100,20.381107
6,100,22.149039
8,100,23.763204
8,100,25.472984
18,100,26.571103
5,100,27.664302
12,100,29.156465
7,100,29.935396
6,100,30.94264
8,100,31.64787
19,100,32.948829
11,100,34.125457
8,100,35.697591
14,100,36.457433
12,100,37.39049
15,100,38.408544
7,100,39.488572
9,100,40.382694
11,100,40.975223
20,100,41.767461
13,100,42.426367
18,100,43.189653
20,100,43.683304
20,100,44.372377
14,100,45.321167
13,100,46.498115
17,100,47.716403
9,100,48.541026
18,100,49.515102
11,100,50.443061
17,100,51.33463
16,100,51.952436
22,100,52.364377
17,100,52.995665
8,100,53.759601
16,100,54.732375
25,100,55.284777
14,100,55.879691
17,100,56.488581
13,100,57.089159
17,100,57.693868
20,100,58.523646
13,100,59.51732
20,100,60.51144
14,100,61.58849
18,100,62.28193
15,100,63.353502
9,100,64.421851
12,100,65.415074
17,100,66.005333
14,100,66.454943
14,100,67.194746
20,100,67.803591
16,100,68.681134
13,100,69.357679
22,100,70.327401
16,100,71.308355
16,100,72.465263
19,100,73.296705
17,100,73.970904
17,100,75.015695
18,100,75.955184
14,100,76.782351
22,100,77.540165
18,100,78.017886
17,100,78.646207
15,100,79.243609
11,100,79.902849
15,100,80.346663
14,100,80.981963
14,100,81.539472
21,100,82.090198
15,100,82.63873
24,100,83.030682
13,100,83.603408
15,100,84.164907
20,100,84.726406
19,100,85.114296
19,100,85.689751
11,100,86.256235
14,100,86.823674
23,100,87.383147
14,100,87.805073
18,100,88.360933
20,100,88.924427
15,100,89.477948
21,100,89.867282
15,100,90.429779
17,100,90.982306
13,100,91.54302
24,100,92.097538
17,100,92.487515
15,100,93.061418
18,100,93.610948
20,100,94.162739
17,100,94.721245
15,100,95.108211
17,100,95.656381
18,100,96.210897
21,100,96.75245
19,100,97.140686
14,100,97.690217
18,100,98.240746
17,100,98.794405
21,100,99.361888
16,100,99.75783
12,100,100.318878
17,100,100.864419
12,100,101.414947
26,100,101.80347
20,100,102.352003
21,100,102.898543
21,100,103.457178
11,100,104.002718
24,100,104.403647
20,100,104.944318
17,100,105.489847
17,100,106.045334
17,100,106.448256
18,100,106.997241
18,100,107.548687
24,100,108.071291
16,100,108.61386
16,100,109.037106
17,100,109.625537
16,100,110.140491
13,100,110.66538
18,100,111.191971
15,100,111.575946
15,100,112.082993
17,100,112.643524
20,100,113.167157
15,100,113.545048
17,100,114.093581
20,100,114.616201
18,100,115.135297
15,100,115.664849
18,100,116.042838
29,100,116.576784
19,100,117.093523
19,100,117.61318
20,100,117.992121
21,100,118.511379
20,100,119.037969
13,100,119.572078
19,100,120.100665
21,100,120.477659
20,100,121.002264
13,100,121.538641
17,100,122.090166
17,100,122.479126
21,100,123.0127
19,100,123.542284
13,100,124.07005
21,100,124.597605
21,100,124.982614
17,100,125.512193
18,100,126.046103
28,100,126.580706
17,100,127.102085
20,100,127.484064
21,100,128.009659
18,100,128.533258
13,100,129.063015
24,100,129.451975
12,100,129.972624
18,100,130.499548
15,100,131.015168
20,100,131.531787
22,100,131.910697
20,100,132.429313
19,100,132.947961
21,100,133.46395
22,100,133.836954
15,100,134.36953
18,100,134.886537
21,100,135.41313
15,100,135.937758
23,100,136.323884
23,100,136.865435
21,100,137.384049
20,100,137.909982
24,100,138.288968
19,100,138.81108
18,100,139.335676
18,100,139.851297
20,100,140.371906
18,100,140.749407
25,100,141.269028
15,100,141.797605
22,100,142.319728
20,100,142.836675
14,100,143.217674
23,100,143.741864
19,100,144.259442
23,100,144.783072
18,100,145.166717
17,100,145.694291
24,100,146.223875
25,100,146.744514
25,100,147.271075
28,100,147.64512
20,100,148.165718
28,100,148.690315
15,100,149.212947
17,100,149.591862
24,100,150.129437
30,100,150.675966
12,100,151.199378
18,100,151.71897
29,100,152.094021
22,100,152.61897
18,100,153.142551
21,100,153.660135
18,100,154.041116
27,100,154.55764
19,100,155.07925
22,100,155.591801
15,100,156.11241
21,100,156.488437
16,100,157.009013
19,100,157.534616
22,100,158.060206
20,100,158.584884
21,100,158.956891
21,100,159.486476
21,100,160.008102
20,100,160.530052
20,100,160.920553
22,100,161.44914
13,100,161.973599
26,100,162.495237
17,100,163.011837
28,100,163.399243
23,100,163.921891
16,100,164.445507
18,100,164.963735
22,100,165.345714
19,100,165.864327
15,100,166.388944
25,100,166.90754
20,100,167.427154
18,100,167.805362
29,100,168.322974
22,100,168.84857
22,100,169.367712
23,100,169.75366
24,100,170.275277
28,100,170.803837
28,100,171.328414
24,100,171.856003
21,100,172.234521
20,100,172.763108
16,100,173.275737
29,100,173.799864
14,100,174.31445
22,100,174.690446
20,100,175.213443
22,100,175.72806
29,100,176.250656
24,100,176.626372
18,100,177.147014
25,100,177.676565
25,100,178.195195
26,100,178.717796
21,100,179.101771
22,100,179.627895
16,100,180.141522
27,100,180.664124
31,100,181.042114
31,100,181.570352
19,100,182.122931
28,100,182.651462
22,100,183.17708
20,100,183.56306
19,100,184.085629
16,100,184.616211
26,100,185.133373
20,100,185.510363
23,100,186.027429
26,100,186.552026
17,100,187.07064
21,100,187.593548
20,100,187.969544
24,100,188.491149
27,100,189.013867
21,100,189.538448
27,100,190.062049
38,100,190.449071
28,100,190.979651
22,100,191.501259
23,100,192.024551
26,100,192.405531
20,100,192.922151
22,100,193.443837
23,100,193.991405
21,100,194.512976
26,100,194.898325
27,100,195.411972
29,100,195.94054
22,100,196.456407
27,100,196.84536
22,100,197.365967
25,100,197.893123
31,100,198.405752
30,100,198.924695
28,100,199.307834
17,100,199.828442
18,100,200.346063
23,100,200.877841
24,100,201.251883
35,100,201.770476
24,100,202.293522
22,100,202.826098
24,100,203.345728
17,100,203.722615
20,100,204.2412
20,100,204.761809
31,100,205.281815
24,100,205.801436
28,100,206.183405
14,100,206.697985
24,100,207.220588
25,100,207.74718
17,100,208.123517
29,100,208.645122
21,100,209.167724
32,100,209.686718
23,100,210.203337
21,100,210.582323
27,100,211.107471
28,100,211.631626
24,100,212.150225
23,100,212.532197
17,100,213.060773
29,100,213.587365
26,100,214.104853
21,100,214.627458
22,100,215.008439
20,100,215.531041
20,100,216.046937
18,100,216.56851
31,100,216.945498
24,100,217.467603
24,100,217.98123
38,100,218.515803
28,100,219.037663
26,100,219.419641
23,100,219.942244
36,100,220.469299
28,100,220.988865
17,100,221.507478
28,100,221.896572
26,100,222.419174
26,100,222.946764
27,100,223.482479
20,100,223.862463
29,100,224.393685
20,100,224.923754
22,100,225.445359
25,100,225.964988
22,100,226.344386
25,100,226.874968
24,100,227.391588
22,100,227.918589
28,100,228.293585
23,100,228.812245
27,100,229.340917
18,100,229.864536
28,100,230.385144
27,100,230.761072
23,100,231.282678
30,100,231.806279
27,100,232.332398
18,100,232.712352
28,100,233.236949
28,100,233.759971
31,100,234.280578
24,100,234.812159
31,100,235.187231
26,100,235.707826
24,100,236.231426
29,100,236.748115
32,100,237.267729
29,100,237.645726
25,100,238.172306
13,100,238.696327
30,100,239.236399
28,100,239.611189
24,100,240.132794
23,100,240.653403
29,100,241.164208
24,100,241.716732
26,100,242.106689
37,100,242.64126
25,100,243.162865
18,100,243.690456
23,100,244.062461
24,100,244.596036
26,100,245.126616
28,100,245.639985
29,100,246.161588
25,100,246.533593
36,100,247.058191
22,100,247.586563
26,100,248.100192
22,100,248.480174
21,100,249.008735
39,100,249.52635
27,100,250.042969
27,100,250.556846
24,100,250.937828
30,100,251.455445
29,100,251.972514
28,100,252.492133
30,100,253.000765
33,100,253.378425
23,100,253.892053
28,100,254.418647
31,100,254.945599
30,100,255.321593
32,100,255.843199
24,100,256.366568
25,100,256.880202
28,100,257.411774
26,100,257.785563
27,100,258.313152
29,100,258.831789
32,100,259.351887
27,100,259.72888
31,100,260.254475
21,100,260.766387
27,100,261.28899
24,100,261.804612
27,100,262.181915
23,100,262.69953
23,100,263.22614
30,100,263.744413
27,100,264.121407
31,100,264.649085
20,100,265.1685
29,100,265.681153
19,100,266.201737
23,100,266.581722
30,100,267.100491
20,100,267.628081
28,100,268.150979
32,100,268.676528
29,100,269.055514
28,100,269.659001
30,100,270.179609
25,100,270.709195
26,100,271.094177
24,100,271.62249
32,100,272.134124
23,100,272.666203
28,100,273.181814
21,100,273.563812
25,100,274.087394
30,100,274.604902
17,100,275.204298
26,100,275.628165
21,100,276.243503
26,100,276.940619
33,100,277.52953
26,100,278.100007
19,100,278.500933
30,100,279.066305
28,100,279.746473
31,100,280.309184
27,100,280.685179
21,100,281.208779
39,100,281.732791
24,100,282.250925
29,100,282.779612
35,100,283.161965
30,100,283.682574
29,100,284.202184
22,100,284.726931
29,100,285.247575
26,100,285.626527
26,100,286.153843
30,100,286.676446
26,100,287.216003
22,100,287.591359
30,100,288.110872
27,100,288.656446
24,100,289.174291
27,100,289.721827
28,100,290.100815
23,100,290.631396
29,100,291.155279
27,100,291.690848
30,100,292.06987
29,100,292.606253
25,100,293.117892
28,100,293.651224
26,100,294.172882
26,100,294.546882
31,100,295.084484
30,100,295.593987
32,100,296.115594
31,100,296.492585
27,100,297.009053
29,100,297.532652
30,100,298.045282
28,100,298.573345
24,100,298.95333
19,100,299.471955
30,100,299.993439
26,100,300.509061
33,100,301.027674
27,100,301.402423
16,100,301.96791
22,100,302.487521
25,100,303.022092
26,100,303.402084
25,100,303.921688
28,100,304.445168
34,100,304.976715
16,100,305.494332
29,100,305.881377
25,100,306.405978
33,100,306.920598
34,100,307.448149
23,100,307.821153
22,100,308.341761
28,100,308.859277
24,100,309.380883
27,100,309.89551
29,100,310.272707
31,100,310.798292
35,100,311.327878
27,100,311.841618
22,100,312.231575
36,100,312.770136
18,100,313.302649
34,100,313.822261
33,100,314.346859
29,100,314.725751
28,100,315.247356
31,100,315.76597
23,100,316.282738
28,100,316.80532
30,100,317.187347
22,100,317.717311
24,100,318.239914
23,100,318.763521
33,100,319.141503
27,100,319.661532
29,100,320.183182
23,100,320.706207
25,100,321.219797
36,100,321.599781
33,100,322.117398
25,100,322.632222
25,100,323.157817
30,100,323.532815
26,100,324.05845
31,100,324.582049
30,100,325.100671
28,100,325.613845
23,100,325.995822
29,100,326.510453
29,100,327.041433
33,100,327.558052
31,100,327.942057
30,100,328.455863
35,100,328.982454
34,100,329.509046
36,100,330.038136
32,100,330.421113
26,100,330.954686
24,100,331.474771
33,100,331.996842
28,100,332.523435
34,100,332.900944
30,100,333.445467
30,100,333.960092
29,100,334.483061
33,100,334.866006
22,100,335.390639
30,100,335.925595
24,100,336.442197
27,100,336.967781
28,100,337.346399
29,100,337.862018
30,100,338.388611
36,100,338.908792
30,100,339.291767
20,100,339.821363
26,100,340.354399
27,100,340.879994
29,100,341.395615
27,100,341.767328
31,100,342.284945
28,100,342.800581
24,100,343.32934
25,100,343.708328
18,100,344.23093
26,100,344.749192
27,100,345.264813
28,100,345.791407
34,100,346.166404
26,100,346.680164
35,100,347.197779
39,100,347.728126
19,100,348.247736
35,100,348.629716
27,100,349.174459
41,100,349.693655
25,100,350.214264
28,100,350.594247
31,100,351.126605
29,100,351.644276
20,100,352.163832
27,100,352.685024
33,100,353.07997
28,100,353.600577
23,100,354.139697
40,100,354.652325
31,100,355.034305
30,100,355.553371
29,100,356.071987
26,100,356.600572
30,100,357.131794
22,100,357.510812
24,100,358.039376
29,100,358.562527
24,100,359.08515
28,100,359.478079
28,100,359.996693
26,100,360.528271
27,100,361.044892
28,100,361.613881
27,100,361.994884
38,100,362.529433
28,100,363.057277
34,100,363.577885
33,100,364.103502
26,100,364.497005
33,100,365.012599
20,100,365.540182
32,100,366.069948
31,100,366.444946
25,100,366.961583
36,100,367.48599
28,100,367.999618
26,100,368.516237
31,100,368.893135
33,100,369.412818
25,100,369.933356
25,100,370.449555
24,100,370.82555
28,100,371.337183
29,100,371.864156
27,100,372.385763
27,100,372.915348
21,100,373.290807
24,100,373.851307
31,100,374.397626
28,100,374.932988
24,100,375.311957
32,100,375.836554
22,100,376.364595
29,100,376.897755
34,100,377.414373
27,100,377.795876
33,100,378.320477
37,100,378.840082
24,100,379.351986
27,100,379.864615
33,100,380.246593
27,100,380.767689
29,100,381.295296
25,100,381.816883
23,100,382.197156
29,100,382.711779
35,100,383.230393
28,100,383.755131
33,100,384.278744
25,100,384.658716
27,100,385.17733
31,100,385.729957
28,100,386.291434
29,100,386.668427
23,100,387.197013
33,100,387.713613
30,100,388.236943
23,100,388.76154
33,100,389.142536
32,100,389.672107
25,100,390.195032
27,100,390.726612
22,100,391.119561
26,100,391.644305
24,100,392.166936
26,100,392.680545
29,100,393.206298
30,100,393.584271
32,100,394.100891
24,100,394.635714
26,100,395.149382
26,100,395.677927
27,100,396.070608
27,100,396.588469
28,100,397.109077
26,100,397.626581
28,100,398.004592
28,100,398.526157
31,100,399.040392
34,100,399.55302
32,100,400.079613
25,100,400.459131
29,100,400.978741
31,100,401.507338
26,100,402.037841
29,100,402.414817
31,100,402.935422
33,100,403.460563
26,100,403.98915
28,100,404.508275
30,100,404.890776
24,100,405.408391
31,100,405.933986
32,100,406.451027
23,100,406.830014
29,100,407.350622
32,100,407.886508
29,100,408.409111
34,100,408.929719
34,100,409.309015
29,100,409.835592
24,100,410.363183
28,100,410.87954
27,100,411.398171
32,100,411.773205
30,100,412.301564
35,100,412.818184
27,100,413.342782
31,100,413.718982
30,100,414.242583
23,100,414.760198
33,100,415.287901
24,100,415.810504
32,100,416.194479
29,100,416.719254
25,100,417.239866
40,100,417.819281
23,100,418.218888
24,100,418.744491
25,100,419.288049
27,100,419.816151
24,100,420.34378
27,100,420.721771
29,100,421.253052
29,100,421.801554
32,100,422.336124
25,100,422.722326
31,100,423.250913
30,100,423.770557
32,100,424.286681
26,100,424.802302
26,100,425.177303
35,100,425.702895
21,100,426.221516
30,100,426.753094
20,100,427.267476
24,100,427.64548
32,100,428.173055
36,100,428.691669
32,100,429.213562
34,100,429.590589
33,100,430.11167
42,100,430.641943
38,100,431.168537
33,100,431.688146
36,100,432.066133
32,100,432.582765
30,100,433.105398
37,100,433.615199
28,100,433.993154
23,100,434.498801
32,100,435.02061
26,100,435.536267
23,100,436.060833
28,100,436.43972
32,100,436.955341
29,100,437.478941
36,100,438.019739
33,100,438.397732
30,100,438.915311
29,100,439.437466
24,100,439.960088
28,100,440.48064
30,100,440.865083
27,100,441.389666
23,100,441.907282
31,100,442.432547
30,100,442.988029
26,100,443.379982
23,100,443.899993
29,100,444.413621
31,100,444.93423
32,100,445.31356
35,100,445.836163
34,100,446.346798
31,100,446.874368
29,100,447.386021
27,100,447.763989
24,100,448.29271
33,100,448.818305
24,100,449.341426
34,100,449.723406
30,100,450.238301
33,100,450.757277
25,100,451.270454
35,100,451.797046
25,100,452.179025
30,100,452.701629
30,100,453.217888
29,100,453.739493
26,100,454.121472
30,100,454.644204
32,100,455.163785
33,100,455.686389
31,100,456.207628
34,100,456.579647
32,100,457.101254
26,100,457.617237
27,100,458.134852
26,100,458.67441
31,100,459.053712
31,100,459.568336
29,100,460.098919
31,100,460.61622
26,100,460.99421
28,100,461.522796
34,100,462.033647
32,100,462.55821
32,100,463.082808
28,100,463.467911
29,100,464.004482
43,100,464.531067
34,100,465.046888
24,100,465.426858
34,100,465.946505
28,100,466.47764
36,100,466.9923
34,100,467.512873
33,100,467.894166
27,100,468.414788
31,100,468.939371
32,100,469.463955
27,100,469.83596
22,100,470.362589
26,100,470.884302
24,100,471.407863
34,100,471.925556
27,100,472.304832
33,100,472.826436
34,100,473.348078
29,100,473.872749
28,100,474.388331
34,100,474.772305
24,100,475.294035
27,100,475.81963
33,100,476.33825
24,100,476.71723
32,100,477.238808
32,100,477.760481
31,100,478.279207
33,100,478.805838
34,100,479.19875
36,100,479.718361
25,100,480.233275
35,100,480.757858
37,100,481.136843
34,100,481.670379
30,100,482.199964
38,100,482.726555
21,100,483.248669
27,100,483.624713
30,100,484.151256
23,100,484.674067
31,100,485.215661
29,100,485.601588
31,100,486.131798
33,100,486.646442
24,100,487.164055
26,100,487.680138
30,100,488.056126
27,100,488.578729
33,100,489.096769
32,100,489.622364
28,100,490.135992
29,100,490.522692
26,100,491.069235
34,100,491.579866
28,100,492.09576
26,100,492.471787
29,100,492.979399
38,100,493.512423
31,100,494.021055
32,100,494.552633
39,100,494.931996
26,100,495.475542
26,100,496.00413
26,100,496.519936
26,100,496.896928
28,100,497.418535
36,100,497.935817
34,100,498.457426
36,100,498.973044
19,100,499.349876
19,100,499.872478
29,100,500.392091
32,100,500.921501
31,100,501.300463
32,100,501.819095
27,100,502.34077
32,100,502.858386
28,100,503.385034
32,100,503.764962
18,100,504.286813
35,100,504.808418
36,100,505.334683
29,100,505.868257
35,100,506.250236
31,100,506.763862
30,100,507.293083
27,100,507.810668
31,100,508.189669
27,100,508.711579
30,100,509.231189
36,100,509.753816
34,100,510.277652
25,100,510.660628
31,100,511.194202
32,100,511.716211
25,100,512.232842
34,100,512.602852
25,100,513.120821
35,100,513.638494
33,100,514.162036
30,100,514.684081
31,100,515.062071
31,100,515.595644
29,100,516.115689
32,100,516.644241
30,100,517.022235
28,100,517.543092
38,100,518.061706
31,100,518.589331
26,100,519.109194
30,100,519.491187
31,100,520.00879
24,100,520.531714
33,100,521.052297
29,100,521.583869
26,100,521.957414
31,100,522.484006
29,100,522.994651
29,100,523.518789
27,100,523.899753
35,100,524.450311
31,100,524.974857
33,100,525.48654
28,100,526.005244
36,100,526.381561
30,100,526.908145
24,100,527.437768
21,100,527.953229
34,100,528.342157
30,100,528.860831
33,100,529.382593
32,100,529.911736
28,100,530.445356
30,100,530.825965
29,100,531.356546
35,100,531.889122
28,100,532.399878
32,100,532.777868
33,100,533.296518
30,100,533.840355
32,100,534.362994
27,100,534.876607
24,100,535.257588
30,100,535.768255
29,100,536.295813
33,100,536.813758
32,100,537.33337
22,100,537.710399
30,100,538.232965
29,100,538.751924
32,100,539.276494
40,100,539.658472
37,100,540.185392
29,100,540.713979
30,100,541.250551
30,100,541.790196
37,100,542.186719
24,100,542.727275
29,100,543.262843
24,100,543.786442
37,100,544.155456
28,100,544.678027
27,100,545.203189
40,100,545.734769
35,100,546.260879
32,100,546.640854
23,100,547.160465
35,100,547.681288
27,100,548.196924
19,100,548.57789
33,100,549.100223
27,100,549.620831
29,100,550.145428
38,100,550.670995
22,100,551.048983
26,100,551.573581
36,100,552.085924
28,100,552.611519
32,100,553.130132
34,100,553.506904
32,100,554.026526
37,100,554.548122
30,100,555.072938
31,100,555.45093
27,100,555.971537
35,100,556.493998
31,100,557.015579
35,100,557.530167
33,100,557.926133
23,100,558.455717
26,100,558.972335
32,100,559.495575
34,100,559.873565
25,100,560.397165
37,100,560.916676
26,100,561.445259
34,100,561.968833
37,100,562.348798
30,100,562.871368
30,100,563.402005
30,100,563.922663
34,100,564.30863
40,100,564.820262
21,100,565.343227
30,100,565.86383
20,100,566.382443
29,100,566.756444
31,100,567.277053
29,100,567.796664
36,100,568.336351
27,100,568.846986
27,100,569.231958
32,100,569.85025
32,100,570.377561
36,100,570.899189
28,100,571.279184
29,100,571.802322
27,100,572.330949
31,100,572.846153
34,100,573.364767
27,100,573.749737
33,100,574.265358
24,100,574.791217
33,100,575.306839
31,100,575.684829
32,100,576.215802
33,100,576.742393
26,100,577.266005
33,100,577.785157
35,100,578.163146
28,100,578.699714
25,100,579.219836
27,100,579.746444
26,100,580.121428
26,100,580.649359
23,100,581.165979
26,100,581.677611
37,100,582.197878
34,100,582.571924
35,100,583.089493
32,100,583.613295
33,100,584.125941
31,100,584.648527
30,100,585.025278
29,100,585.546882
29,100,586.070059
31,100,586.588105
42,100,586.965088
30,100,587.482734
32,100,587.998023
33,100,588.543069
30,100,589.060667
28,100,589.444692
34,100,589.967289
29,100,590.488894
30,100,591.012854
28,100,591.393792
32,100,591.903414
39,100,592.438428
34,100,592.950059
37,100,593.481638
27,100,593.856862
30,100,594.374479
34,100,594.891096
36,100,595.420402
23,100,595.798393
36,100,596.313016
33,100,596.83562
32,100,597.361219
32,100,597.873864
28,100,598.245856
33,100,598.774928
25,100,599.296535
29,100,599.821136
30,100,600.340186
33,100,600.718173
28,100,601.239785
24,100,601.783935
32,100,602.329477
28,100,602.712454
38,100,603.247576
31,100,603.763197
31,100,604.293779
35,100,604.861126
29,100,605.282999
29,100,606.001921
27,100,606.594337
31,100,607.118935
31,100,607.501669
27,100,608.023274
31,100,608.543908
37,100,609.062743
29,100,609.580361
35,100,609.959347
26,100,610.482114
31,100,611.00372
32,100,611.524328
27,100,611.896211
36,100,612.422805
26,100,612.95139
34,100,613.465303
26,100,613.984908
33,100,614.367885
32,100,614.890099
32,100,615.425665
34,100,615.939294
28,100,616.465886
28,100,616.846872
30,100,617.364497
27,100,617.893212
35,100,618.415816
32,100,618.802785
39,100,619.321394
27,100,619.840942
33,100,620.368531
27,100,620.895856
31,100,621.273879
30,100,621.799453
28,100,622.312073
28,100,622.837217
29,100,623.215237
31,100,623.74383
29,100,624.258192
23,100,624.78084
27,100,625.3024
22,100,625.686244
38,100,626.221813
23,100,626.74342
30,100,627.262345
30,100,627.649453
31,100,628.166075
30,100,628.685009
26,100,629.206581
30,100,629.730198
30,100,630.105623
31,100,630.633213
37,100,631.154818
36,100,631.682142
30,100,632.197764
39,100,632.575753
29,100,633.09796
36,100,633.619564
27,100,634.135187
38,100,634.514414
26,100,635.050968
36,100,635.578575
31,100,636.107054
30,100,636.62867
28,100,637.00964
27,100,637.537729
25,100,638.062325
33,100,638.581937
27,100,638.960636
31,100,639.492214
36,100,640.013822
25,100,640.547154
32,100,641.064767
25,100,641.450736
33,100,641.97424
21,100,642.495846
29,100,643.017451
31,100,643.394902
29,100,643.905538
34,100,644.426147
30,100,644.940312
26,100,645.461939
27,100,645.838909
28,100,646.358522
23,100,646.883674
23,100,647.397301
22,100,647.91696
30,100,648.294001
26,100,648.819547
32,100,649.33118
27,100,649.85124
33,100,650.228232
39,100,650.751832
34,100,651.274943
36,100,651.80054
38,100,652.311174
34,100,652.696518
35,100,653.21513
32,100,653.737761
33,100,654.265482
27,100,654.652448
23,100,655.169067
26,100,655.69716
22,100,656.217806
30,100,656.745358
27,100,657.1339
28,100,657.652496
29,100,658.18309
30,100,658.694783
32,100,659.067786
33,100,659.591416
38,100,660.116452
37,100,660.638021
31,100,661.162653
28,100,661.548383
30,100,662.097944
35,100,662.631522
37,100,663.157084
25,100,663.670711
34,100,664.057677
36,100,664.578918
31,100,665.109532
29,100,665.626142
37,100,666.013141
30,100,666.535745
22,100,667.052363
29,100,667.592695
26,100,668.102329
34,100,668.479347
31,100,669.00717
36,100,669.528775
24,100,670.047448
29,100,670.424864
35,100,670.945472
29,100,671.462121
37,100,671.982115
33,100,672.51071
27,100,672.888659
28,100,673.400329
39,100,673.914923
30,100,674.436559
29,100,674.814517
28,100,675.333812
35,100,675.861402
27,100,676.378057
34,100,676.901073
35,100,677.28605
28,100,677.811671
28,100,678.322216
37,100,678.861775
26,100,679.375401
28,100,679.760245
31,100,680.276923
25,100,680.804512
32,100,681.318422
33,100,681.69541
26,100,682.214023
23,100,682.742378
26,100,683.262986
22,100,683.786587
28,100,684.169252
27,100,684.689835
32,100,685.210446
27,100,685.730629
23,100,686.114601
31,100,686.643196
33,100,687.162317
27,100,687.682926
29,100,688.20154
31,100,688.577044
37,100,689.103637
27,100,689.624246
32,100,690.145021
33,100,690.529025
37,100,691.064568
33,100,691.610222
30,100,692.135817
35,100,692.666425
21,100,693.042677
31,100,693.56927
33,100,694.082929
31,100,694.608531
31,100,695.12914
31,100,695.511119
35,100,696.036133
23,100,696.566713
25,100,697.084335
43,100,697.465446
29,100,697.985043
32,100,698.506661
27,100,699.034936
38,100,699.559536
38,100,699.939555
29,100,700.458513
29,100,700.974135
26,100,701.504755
31,100,701.884701
32,100,702.402908
31,100,702.922517
27,100,703.437519
35,100,703.952142
28,100,704.326144
24,100,704.857721
40,100,705.378836
31,100,705.896454
34,100,706.270455
28,100,706.800964
24,100,707.317582
34,100,707.8342
25,100,708.356522
31,100,708.73426
33,100,709.262847
27,100,709.786841
40,100,710.293497
31,100,710.81811
22,100,711.203593
32,100,711.714195
33,100,712.242782
33,100,712.756695
24,100,713.134685
31,100,713.656322
34,100,714.178562
25,100,714.698172
36,100,715.209806
40,100,715.582137
34,100,716.098725
31,100,716.618335
28,100,717.140627
38,100,717.520614
37,100,718.036225
27,100,718.560441
35,100,719.066099
28,100,719.586735
25,100,719.981917
26,100,720.507512
29,100,721.030113
33,100,721.568582
31,100,721.967516
35,100,722.506076
36,100,723.034937
28,100,723.565486
27,100,724.080119
26,100,724.460311
30,100,724.986965
26,100,725.59833
31,100,726.240256
34,100,726.791782
27,100,727.183735
31,100,727.719288
29,100,728.247387
34,100,728.779963
44,100,729.165507
25,100,729.703049
33,100,730.238604
36,100,730.780045
33,100,731.302648
32,100,731.685625
20,100,732.207725
30,100,732.731358
34,100,733.247945
26,100,733.628569
34,100,734.154128
39,100,734.673788
33,100,735.194296
38,100,735.703902
31,100,736.0789
35,100,736.604319
24,100,737.120936
32,100,737.639552
31,100,738.018445
39,100,738.540051
32,100,739.07462
39,100,739.594529
22,100,740.130097
28,100,740.511078
33,100,741.045188
34,100,741.558815
34,100,742.07344
33,100,742.600738
35,100,742.978727
34,100,743.496377
33,100,744.018029
26,100,744.535648
34,100,744.913635
37,100,745.443455
30,100,745.96506
24,100,746.481688
30,100,746.992504
35,100,747.371492
37,100,747.894095
24,100,748.410743
33,100,748.932807
37,100,749.316781
30,100,749.844372
28,100,750.366451
37,100,750.884127
31,100,751.408664
30,100,751.789883
29,100,752.316475
31,100,752.833094
28,100,753.359345
41,100,753.74036
37,100,754.263927
32,100,754.778037
31,100,755.300666
30,100,755.818272
35,100,756.196876
23,100,756.724448
39,100,757.248053
23,100,757.772988
33,100,758.294593
26,100,758.676573
32,100,759.213344
22,100,759.74296
35,100,760.257553
38,100,760.634224
38,100,761.150879
27,100,761.677434
24,100,762.198535
26,100,762.725127
37,100,763.105111
28,100,763.629549
27,100,764.155173
28,100,764.675785
31,100,765.059805
32,100,765.581423
31,100,766.105036
33,100,766.627784
40,100,767.158366
29,100,767.534362
25,100,768.05036
27,100,768.571966
25,100,769.099555
29,100,769.474553
29,100,769.994165
28,100,770.523759
30,100,771.040234
21,100,771.563835
36,100,771.942822
26,100,772.462941
33,100,773.012472
28,100,773.533081
31,100,774.055221
28,100,774.437199
30,100,774.955813
30,100,775.477029
33,100,775.99365
33,100,776.368645
28,100,776.885263
31,100,777.40331
38,100,777.930873
31,100,778.44348
31,100,778.81766
31,100,779.345227
27,100,779.866885
31,100,780.383507
34,100,780.764467
31,100,781.283057
33,100,781.829843
30,100,782.360424
22,100,782.889011
28,100,783.264758
29,100,783.780379
34,100,784.298994
27,100,784.811565
31,100,785.188545
35,100,785.710151
42,100,786.231963
35,100,786.764539
24,100,787.286167
29,100,787.678363
34,100,788.205953
26,100,788.721575
34,100,789.243957
28,100,789.761573
42,100,790.139563
33,100,790.668111
38,100,791.187752
35,100,791.709325
28,100,792.089784
33,100,792.607471
26,100,793.14008
38,100,793.658922
29,100,794.197447
27,100,794.57644
31,100,795.098337
21,100,795.630881
32,100,796.152488
29,100,796.534555
30,100,797.058157
23,100,797.583751
22,100,798.254351
23,100,798.965453
27,100,799.428233
32,100,800.006779
34,100,800.536387
32,100,801.061791
37,100,801.438818
32,100,801.963382
33,100,802.486406
27,100,802.996044
30,100,803.530651
22,100,803.906631
28,100,804.43999
38,100,804.959591
37,100,805.48119
22,100,806.003809
23,100,806.384819
33,100,806.903389
31,100,807.43211
31,100,807.962683
28,100,808.338688
30,100,808.862835
33,100,809.377995
28,100,809.904587
34,100,810.431765
31,100,810.807792
33,100,811.327371
28,100,811.858751
33,100,812.372377
30,100,812.748435
37,100,813.274471
30,100,813.795046
27,100,814.316652
29,100,814.850148
31,100,815.232094
34,100,815.758687
26,100,816.277325
31,100,816.802896
34,100,817.179858
31,100,817.705873
29,100,818.226481
34,100,818.740109
26,100,819.275824
31,100,819.653842
28,100,820.174416
30,100,820.698571
35,100,821.212216
30,100,821.736796
32,100,822.117454
28,100,822.636069
33,100,823.160728
32,100,823.680072
31,100,824.054072
27,100,824.576742
33,100,825.102551
25,100,825.619168
28,100,826.139818
32,100,826.525421
32,100,827.043062
33,100,827.564674
34,100,828.084401
38,100,828.466891
33,100,828.98752
40,100,829.527283
20,100,830.044899
28,100,830.56857
25,100,830.947523
34,100,831.459385
36,100,831.97997
26,100,832.498854
37,100,832.872854
28,100,833.3925
29,100,833.916594
30,100,834.440679
37,100,834.961287
38,100,835.340274
29,100,835.86516
32,100,836.379793
38,100,836.904382
35,100,837.424242
25,100,837.803221
36,100,838.31984
29,100,838.836194
37,100,839.343848
41,100,839.717838
37,100,840.242576
40,100,840.759197
28,100,841.282846
29,100,841.81562
26,100,842.202586
38,100,842.730175
35,100,843.253775
32,100,843.780368
33,100,844.162347
35,100,844.685947
28,100,845.227499
37,100,845.74711
36,100,846.280678
41,100,846.661661
35,100,847.184267
34,100,847.709943
24,100,848.234541
31,100,848.608542
29,100,849.133047
27,100,849.657646
33,100,850.175263
36,100,850.699912
33,100,851.07591
30,100,851.591518
28,100,852.107615
38,100,852.625231
33,100,853.15183
38,100,853.535151
26,100,854.05378
22,100,854.603295
31,100,855.121922
27,100,855.498859
30,100,856.031438
25,100,856.548212
32,100,857.067821
33,100,857.581449
39,100,857.963428
34,100,858.489376
24,100,859.009984
34,100,859.540465
32,100,859.915463
40,100,860.428127
34,100,860.947702
34,100,861.459028
29,100,861.976645
30,100,862.357625
37,100,862.883988
28,100,863.406591
33,100,863.927199
30,100,864.304542
25,100,864.821214
26,100,865.335849
34,100,865.860173
29,100,866.390755
36,100,866.765752
33,100,867.278076
34,100,867.798684
25,100,868.322286
31,100,868.845658
30,100,869.22664
32,100,869.84399
36,100,870.391935
25,100,870.948447
34,100,871.356356
29,100,871.884258
33,100,872.406864
31,100,872.920487
26,100,873.447044
32,100,873.830019
32,100,874.347636
30,100,874.872588
31,100,875.389243
38,100,875.7652
33,100,876.285832
27,100,876.808453
36,100,877.332036
29,100,877.851071
34,100,878.236035
33,100,878.756643
37,100,879.275837
38,100,879.805432
39,100,880.185424
35,100,880.70762
30,100,881.226202
21,100,881.760278
38,100,882.286234
27,100,882.664216
33,100,883.182828
32,100,883.709648
38,100,884.222334
32,100,884.747873
29,100,885.126128
36,100,885.645739
34,100,886.169374
40,100,886.695224
29,100,887.093163
32,100,887.606788
30,100,888.136974
29,100,888.651599
23,100,889.171229
37,100,889.551373
37,100,890.080979
34,100,890.600569
35,100,891.129214
30,100,891.509207
24,100,892.035816
37,100,892.548478
40,100,893.067091
31,100,893.580718
32,100,893.95771
28,100,894.481458
34,100,895.002057
27,100,895.517677
23,100,895.897081
34,100,896.412709
33,100,896.926329
31,100,897.442492
28,100,897.958109
34,100,898.341146
24,100,898.861661
28,100,899.380275
36,100,899.895898
29,100,900.413643
38,100,900.792631
30,100,901.309269
30,100,901.854696
34,100,902.387272
30,100,902.774237
24,100,903.297838
34,100,903.819445
32,100,904.335065
31,100,904.852705
32,100,905.225709
26,100,905.745334
19,100,906.274112
19,100,906.810678
32,100,907.188668
29,100,907.71161
32,100,908.236208
32,100,908.757813
36,100,909.279682
30,100,909.659666
36,100,910.174305
36,100,910.693325
38,100,911.221913
37,100,911.596909
33,100,912.110155
27,100,912.62777
30,100,913.145387
34,100,913.661384
28,100,914.054334
30,100,914.576937
33,100,915.105036
29,100,915.616216
29,100,916.134827
26,100,916.514813
36,100,917.03485
32,100,917.551502
32,100,918.071647
32,100,918.45927
31,100,918.990855
31,100,919.51388
31,100,920.05256
22,100,920.572171
27,100,920.949162
29,100,921.482011
26,100,921.992644
31,100,922.512276
34,100,922.889453
34,100,923.412055
27,100,923.928675
37,100,924.448865
37,100,924.967446
36,100,925.808322
29,100,927.673619
32,100,928.57841
21,100,929.339585
23,100,929.917695
40,100,931.166806
25,100,932.286342
37,100,933.119575
33,100,934.187388
29,100,935.01104
25,100,936.069612
38,100,937.103897
30,100,937.96139
32,100,938.646627
29,100,939.092823
32,100,939.855955
27,100,940.798143
30,100,941.943566
31,100,942.662366
37,100,943.686374
36,100,944.664805
33,100,945.394392
35,100,946.077994
25,100,946.560766
29,100,947.341517
35,100,948.194734
31,100,948.802831
35,100,949.315592
24,100,950.236895
42,100,951.25179
28,100,952.055302
29,100,952.927655
33,100,953.592925
26,100,954.472058
32,100,955.369949
36,100,956.214016
27,100,956.835956
28,100,957.839422
31,100,958.467253
38,100,959.248152
38,100,960.122613
26,100,960.541201
30,100,961.365389
24,100,962.480811
37,100,963.709904
27,100,964.743096
26,100,965.23781
34,100,966.192652
27,100,967.177155
38,100,967.887843
34,100,968.705345
28,100,969.591795
25,100,970.217702
22,100,970.878978
36,100,971.602795
33,100,972.109364
37,100,972.867285
32,100,973.697851
32,100,974.680664
36,100,975.443744
27,100,976.475739
31,100,977.245891
27,100,978.275946
31,100,979.279238
32,100,979.854655
41,100,980.810593
28,100,981.767983
34,100,982.718928
28,100,983.379882
33,100,984.276261
36,100,984.908004
34,100,985.560048
39,100,986.171898
36,100,986.617072
30,100,987.561329
38,100,988.402409
32,100,989.398812
34,100,990.44162
22,100,991.164315
30,100,992.026976
34,100,992.824506
26,100,993.850523
30,100,994.563797
32,100,995.570883
29,100,996.553761
28,100,997.534666
36,100,998.524848
29,100,999.233008
38,100,1000.236802
30,100,1001.025604
25,100,1001.91008
29,100,1002.323781
33,100,1003.059922
29,100,1003.796191
35,100,1004.814198
35,100,1005.838168
43,100,1006.548025
28,100,1007.30801
34,100,1007.952423
33,100,1008.595939
36,100,1009.004485
37,100,1009.827234
39,100,1010.786815
32,100,1011.708476
31,100,1012.80093
40,100,1013.218579
34,100,1014.053982
36,100,1015.066149
29,100,1016.132572
29,100,1017.185535
42,100,1017.713039
24,100,1018.62254
29,100,1019.653833
29,100,1020.559368
33,100,1021.19939
37,100,1021.920356
37,100,1023.009778
35,100,1024.108736
27,100,1025.15885
35,100,1025.750057
32,100,1026.495044
32,100,1027.100304
29,100,1027.86532
28,100,1028.463712
34,100,1029.231857
37,100,1030.245021
35,100,1031.352934
30,100,1032.476774
33,100,1033.081091
30,100,1033.717086
31,100,1034.371911
24,100,1035.024885
33,100,1035.465042
39,100,1036.070309
28,100,1036.989643
39,100,1037.941612
33,100,1038.781267
31,100,1039.630625
39,100,1040.816775
32,100,1041.963644
36,100,1042.672399
35,100,1043.542207
35,100,1043.990625
32,100,1044.691147
37,100,1045.308139
36,100,1045.96908
39,100,1046.409202
34,100,1047.383537
35,100,1048.456269
30,100,1049.566739
28,100,1050.669399
24,100,1051.381841
19,100,1052.469791
28,100,1053.330091
37,100,1053.962613
36,100,1054.623833
33,100,1055.703774
40,100,1056.747331
24,100,1057.41226
28,100,1058.32512
28,100,1058.8345
31,100,1059.954139
32,100,1061.057231
30,100,1061.850862
28,100,1062.297942
35,100,1062.941333
34,100,1063.593692
31,100,1064.221461
34,100,1064.917666
37,100,1065.559563
28,100,1066.524658
21,100,1067.489997
34,100,1068.500744
37,100,1069.602212
36,100,1070.317073
26,100,1071.024235
34,100,1071.652462
40,100,1072.456748
40,100,1073.024456
28,100,1073.791982
35,100,1074.518913
30,100,1075.296777
32,100,1076.112613
30,100,1076.737804
26,100,1077.582829
37,100,1078.298295
35,100,1079.112713
22,100,1079.786683
29,100,1080.661159
30,100,1081.321615
26,100,1081.937058
27,100,1082.568357
26,100,1083.178802
31,100,1083.819383
35,100,1084.635128
32,100,1085.533438
23,100,1086.038312
31,100,1086.948718
28,100,1087.674484
30,100,1088.325084
38,100,1089.047632
30,100,1089.863958
31,100,1090.755435
27,100,1091.921949
26,100,1093.037325
34,100,1093.992796
34,100,1094.506857
36,100,1095.182069
35,100,1095.876008
31,100,1096.66382
36,100,1097.089953
26,100,1097.755979
32,100,1098.491004
31,100,1099.104857
34,100,1100.032549
34,100,1100.796348
29,100,1101.921391
32,100,1102.983549
29,100,1103.826401
37,100,1104.302163
34,100,1105.077972
31,100,1105.88901
31,100,1106.887117
31,100,1107.965476
31,100,1108.631365
28,100,1109.303365
28,100,1110.261292
35,100,1110.932003
34,100,1111.635125
37,100,1112.678162
34,100,1113.75818
38,100,1114.873729
37,100,1116.054825
31,100,1116.850451
30,100,1118.010963
33,100,1118.860719
29,100,1119.60255
35,100,1120.464143
34,100,1121.114942
28,100,1122.158745
32,100,1123.042015
33,100,1123.912085
34,100,1124.374638
30,100,1125.024173
26,100,1125.674957
29,100,1126.551378
20,100,1127.729929
30,100,1128.549161
30,100,1129.615479
40,100,1130.730879
29,100,1131.915143
31,100,1132.672683
30,100,1133.753253
31,100,1134.57517
31,100,1135.461987
29,100,1136.299968
32,100,1136.718581
30,100,1137.336471
33,100,1138.027895
32,100,1138.856025
33,100,1139.287216
35,100,1139.888426
32,100,1140.573837
37,100,1141.453385
37,100,1142.523982
31,100,1143.285839
27,100,1144.320614
38,100,1145.015442
29,100,1145.74231
32,100,1146.3594
39,100,1146.9947
28,100,1148.098403
32,100,1149.334044
24,100,1150.510605
35,100,1151.390294
35,100,1152.572852
33,100,1153.753596
28,100,1154.478923
40,100,1155.373427
34,100,1155.845211
36,100,1156.804835
37,100,1157.876295
35,100,1158.896394
32,100,1159.620739
37,100,1160.698911
31,100,1161.85165
39,100,1163.034242
26,100,1163.986164
28,100,1164.523795
31,100,1165.148919
37,100,1165.78048
31,100,1166.459745
28,100,1166.871714
35,100,1167.520426
37,100,1168.487617
20,100,1169.074841
25,100,1169.770518
29,100,1170.596465
29,100,1171.643598
28,100,1172.248207
37,100,1172.900141
30,100,1173.521012
29,100,1174.075598
33,100,1174.856952
29,100,1175.885458
31,100,1177.047498
40,100,1177.894711
32,100,1178.834172
26,100,1179.474227
34,100,1180.06777
32,100,1180.671771
30,100,1181.317624
29,100,1182.136886
28,100,1182.878846
37,100,1183.653844
33,100,1184.257676
39,100,1185.284098
30,100,1186.382862
26,100,1187.446116
33,100,1188.386559
34,100,1189.127928
27,100,1190.127739
37,100,1190.971816
28,100,1191.650761
44,100,1192.111971
34,100,1192.766063
29,100,1193.79168
37,100,1194.589742
34,100,1195.226654
31,100,1195.85622
31,100,1196.902123
36,100,1197.964742
38,100,1198.870233
32,100,1199.525331
30,100,1200.001067
38,100,1200.77943
37,100,1201.728978
44,100,1202.635224
25,100,1203.187062
32,100,1203.948935
25,100,1204.77212
29,100,1205.368704
37,100,1205.992435
29,100,1206.451491
42,100,1207.048761
25,100,1207.663133
36,100,1208.531449
28,100,1209.008087
31,100,1209.707724
32,100,1210.668492
34,100,1211.604894
23,100,1212.526348
35,100,1213.171877
27,100,1213.939896
33,100,1214.66668
27,100,1215.552976
31,100,1216.224895
33,100,1216.964125
39,100,1217.732465
30,100,1218.416413
32,100,1219.412236
32,100,1220.245275
32,100,1221.360771
33,100,1222.464905
34,100,1223.551172
30,100,1224.396348
37,100,1224.943775
36,100,1225.993386
41,100,1227.104224
27,100,1228.268472
31,100,1229.082111
31,100,1230.117595
33,100,1231.223968
35,100,1232.056679
31,100,1232.984944
33,100,1233.654351
30,100,1234.664351
33,100,1235.695796
27,100,1236.725106
34,100,1237.40888
35,100,1238.290436
34,100,1239.348999
32,100,1240.381707
21,100,1241.479315
26,100,1242.302888
36,100,1243.41939
28,100,1244.493479
37,100,1245.45886
26,100,1246.127383
27,100,1246.81762
30,100,1247.719848
25,100,1248.415847
31,100,1249.010648
23,100,1249.456792
39,100,1250.450191
42,100,1251.550802
40,100,1252.701603
33,100,1253.926787
23,100,1254.651624
39,100,1255.566924
29,100,1256.634092
30,100,1257.60166
33,100,1258.151654
36,100,1259.278484
31,100,1260.407274
30,100,1261.452276
28,100,1262.489209
33,100,1263.097621
24,100,1263.748133
29,100,1264.495054
27,100,1265.08342
39,100,1265.505303
37,100,1266.143608
30,100,1266.738357
34,100,1267.582893
31,100,1268.839688
31,100,1269.607145
28,100,1270.821037
47,100,1271.968012
37,100,1272.99549
37,100,1273.455566
37,100,1274.097907
29,100,1274.82096
36,100,1275.842422
36,100,1276.926723
29,100,1277.646404
39,100,1278.682853
36,100,1279.615223
34,100,1280.206403
25,100,1280.891717
19,100,1281.360814
32,100,1282.461369
27,100,1283.615626
35,100,1284.781824
34,100,1285.645876
35,100,1286.866741
37,100,1288.150325
30,100,1289.34611
39,100,1290.391245
33,100,1291.183827
30,100,1292.314257
38,100,1293.450586
33,100,1294.580009
28,100,1295.200253
32,100,1296.183355
26,100,1297.141192
30,100,1298.227468
28,100,1299.44754
36,100,1300.162442
31,100,1301.240936
38,100,1302.293255
33,100,1303.227269
36,100,1303.938027
32,100,1304.724767
37,100,1305.526739
30,100,1306.537045
32,100,1307.625283
41,100,1308.390547
39,100,1309.349257
34,100,1310.103517
38,100,1311.056848
35,100,1312.060456
31,100,1312.707706
38,100,1313.749028
33,100,1314.597519
26,100,1315.190758
26,100,1315.604481
34,100,1316.307132
34,100,1317.261396
38,100,1318.36288
32,100,1319.520298
32,100,1320.453185
34,100,1321.552644
29,100,1322.594894
34,100,1323.68752
31,100,1324.398735
29,100,1325.481814
30,100,1326.597832
31,100,1327.635988
37,100,1328.532287
29,100,1328.991176
34,100,1329.997262
35,100,1330.878679
35,100,1331.990837
33,100,1332.757474
33,100,1333.50691
29,100,1334.595239
28,100,1335.611396
31,100,1336.440024
35,100,1336.865006
33,100,1337.790458
37,100,1338.886774
29,100,1339.986525
36,100,1341.046847
35,100,1341.691283
36,100,1342.494064
29,100,1343.533515
37,100,1344.63739
30,100,1345.180544
32,100,1346.189262
41,100,1346.848277
34,100,1347.839459
38,100,1348.720769
35,100,1349.350269
35,100,1350.416344
30,100,1351.567187
35,100,1352.720054
42,100,1353.492061
34,100,1354.599655
25,100,1355.663539
32,100,1356.387329
28,100,1357.338482
33,100,1357.896791
34,100,1358.665126
34,100,1359.686916
28,100,1360.801162
39,100,1361.571722
37,100,1362.244533
33,100,1362.857115
26,100,1363.565603
39,100,1364.527902
35,100,1365.103501
31,100,1365.702972
30,100,1366.331788
35,100,1366.998357
36,100,1368.052297
37,100,1368.827241
33,100,1369.926211
35,100,1370.547869
29,100,1371.220916
41,100,1371.888891
32,100,1372.673769
35,100,1373.71721
30,100,1374.931535
36,100,1375.948211
41,100,1376.603276
30,100,1377.651905
37,100,1378.510087
35,100,1379.232381
33,100,1379.895419
33,100,1381.121128
37,100,1382.494784
40,100,1383.722246
31,100,1384.823918
38,100,1385.350207
35,100,1386.128863
42,100,1387.261424
31,100,1388.292902
27,100,1389.008334
31,100,1390.031392
30,100,1390.664431
29,100,1391.286403
32,100,1391.884738
32,100,1392.340143
26,100,1393.16242
40,100,1394.125333
28,100,1395.194571
30,100,1395.820524
22,100,1396.267911
33,100,1397.181018
31,100,1397.910956
34,100,1398.918961
39,100,1399.791792
27,100,1400.813121
30,100,1401.776733
24,100,1402.792819
31,100,1403.895104
40,100,1404.660781
39,100,1405.42668
27,100,1406.019235
36,100,1406.766911
29,100,1407.43651
25,100,1408.136619
30,100,1408.887891
29,100,1409.900101
39,100,1410.983046
34,100,1411.641976
32,100,1412.578861
28,100,1413.616526
31,100,1414.5241
21,100,1415.423912
28,100,1416.633
34,100,1417.43079
29,100,1418.270385
37,100,1419.091921
30,100,1419.549715
35,100,1420.231735
40,100,1421.123582
29,100,1422.185287
33,100,1423.212984
33,100,1423.887437
35,100,1424.659838
34,100,1425.342236
27,100,1426.220141
27,100,1426.892374
34,100,1427.78241
35,100,1428.40448
32,100,1429.229131
41,100,1430.267059
38,100,1431.127195
35,100,1432.237042
28,100,1433.320684
46,100,1434.158985
29,100,1434.568229
32,100,1435.150665
39,100,1435.751092
30,100,1436.4102
31,100,1437.371552
37,100,1438.040692
33,100,1439.105507
32,100,1439.948133
31,100,1440.725463
37,100,1441.497843
35,100,1442.517315
36,100,1443.283243
32,100,1443.951459
31,100,1444.657121
27,100,1445.487711
41,100,1446.588708
34,100,1447.354889
36,100,1448.077896
30,100,1449.244869
35,100,1449.925849
28,100,1450.905373
32,100,1451.938584
34,100,1453.042209
34,100,1453.801991
25,100,1454.794616
34,100,1455.651721
38,100,1456.362108
32,100,1457.348751
31,100,1458.109622
30,100,1459.220643
34,100,1460.094568
30,100,1461.015756
29,100,1461.68373
30,100,1462.471534
34,100,1463.564898
33,100,1464.723301
29,100,1465.83429
29,100,1466.609186
31,100,1467.726311
37,100,1468.834708
34,100,1470.041452
25,100,1470.876855
30,100,1471.855639
36,100,1472.756481
41,100,1473.949385
29,100,1475.097504
28,100,1475.74414
23,100,1476.532918
26,100,1477.148462
39,100,1477.760453
33,100,1478.379731
33,100,1478.88331
35,100,1479.813277
34,100,1480.6016
39,100,1481.202579
34,100,1481.61092
36,100,1482.412799
32,100,1483.374667
35,100,1484.43438
41,100,1485.539311
30,100,1486.207454
35,100,1487.225106
36,100,1488.172982
35,100,1488.765137
27,100,1489.180527
26,100,1489.936984
33,100,1490.629781
28,100,1491.470687
34,100,1492.671644
28,100,1493.487451
26,100,1494.633721
38,100,1495.738108
35,100,1496.337926
33,100,1496.9654
26,100,1498.02219
30,100,1499.118231
30,100,1500.229875
31,100,1501.337251
33,100,1502.136217
35,100,1502.861479
40,100,1503.50527
41,100,1504.104176
33,100,1504.689213
39,100,1505.32356
30,100,1506.314566
36,100,1507.301374
30,100,1508.299709
31,100,1509.063371
40,100,1510.194078
39,100,1511.129517
37,100,1512.169862
32,100,1513.151003
29,100,1513.815897
35,100,1514.480064
37,100,1515.167399
37,100,1516.133735
37,100,1516.799547
37,100,1517.694682
45,100,1518.624896
28,100,1519.802004
31,100,1520.897543
31,100,1521.618107
34,100,1522.685847
40,100,1523.838241
37,100,1525.007615
33,100,1525.829794
35,100,1526.906533
36,100,1528.07527
31,100,1529.09811
30,100,1530.025035
36,100,1530.798887
39,100,1531.942363
26,100,1533.068659
34,100,1534.210436
38,100,1535.303244
33,100,1536.171367
33,100,1537.299325
30,100,1538.426493
35,100,1539.559281
30,100,1540.407181
29,100,1541.462992
28,100,1542.270136
29,100,1543.282121
32,100,1544.369921
41,100,1545.079019
41,100,1545.939437
34,100,1547.076919
39,100,1548.172092
34,100,1548.887055
34,100,1549.74264
45,100,1550.590801
40,100,1551.189616
28,100,1551.85394
21,100,1552.261705
38,100,1553.15379
28,100,1554.094621
38,100,1554.67759
32,100,1555.092714
29,100,1555.730858
34,100,1556.372033
31,100,1557.156833
39,100,1557.773216
33,100,1558.211972
38,100,1558.807821
32,100,1559.462258
43,100,1560.136575
39,100,1561.089898
35,100,1561.508429
34,100,1562.14765
30,100,1563.072494
30,100,1564.172422
38,100,1564.846625
31,100,1565.956701
31,100,1567.076958
28,100,1568.195828
33,100,1569.289926
33,100,1569.996227
32,100,1571.036296
34,100,1571.843011
35,100,1572.765763
33,100,1573.544881
33,100,1574.323591
34,100,1575.100151
43,100,1575.894265
28,100,1576.525173
35,100,1577.043676
32,100,1577.981039
32,100,1578.843458
42,100,1579.500682
33,100,1580.164597
27,100,1580.948027
30,100,1581.642104
28,100,1582.350739
30,100,1583.387198
26,100,1584.247959
34,100,1585.276357
31,100,1586.195868
32,100,1586.828354
26,100,1587.649537
39,100,1588.21855
39,100,1589.253539
44,100,1590.093334
36,100,1590.73037
42,100,1591.148313
32,100,1591.890858
35,100,1592.738521
37,100,1593.473738
34,100,1594.485097
25,100,1595.304959
30,100,1596.35346
36,100,1597.261949
37,100,1598.233498
41,100,1599.05055
23,100,1600.22772
33,100,1601.325374
35,100,1602.28116
30,100,1603.268094
32,100,1603.978243
31,100,1605.015953
26,100,1606.115471
24,100,1607.221501
30,100,1607.98841
37,100,1609.024894
32,100,1610.047229
32,100,1610.859883
37,100,1611.451515
33,100,1611.883857
32,100,1612.601327
33,100,1613.63468
29,100,1614.840199
38,100,1616.029935
34,100,1616.728583
35,100,1617.763725
32,100,1618.937059
27,100,1620.005066
37,100,1620.670363
35,100,1621.612727
32,100,1622.66317
31,100,1623.835884
39,100,1624.932978
36,100,1625.577629
29,100,1626.174501
25,100,1626.994701
30,100,1627.695648
35,100,1628.455927
32,100,1629.629298
40,100,1630.780687
41,100,1631.901056
37,100,1632.867069
28,100,1633.578495
35,100,1634.412128
28,100,1635.217734
31,100,1636.149002
34,100,1636.715324
35,100,1637.307806
44,100,1637.91091
31,100,1638.818762
27,100,1639.742298
33,100,1640.154475
31,100,1640.752641
43,100,1641.436895
27,100,1642.192352
37,100,1643.01526
33,100,1643.570225
35,100,1644.182466
36,100,1644.825783
33,100,1645.433074
41,100,1646.079785
30,100,1647.16673
33,100,1648.262558
33,100,1649.137929
32,100,1649.805663
36,100,1650.470129
36,100,1651.488824
40,100,1652.350087
34,100,1653.084722
31,100,1653.745542
42,100,1654.559644
26,100,1655.420151
30,100,1656.130658
37,100,1656.872653
33,100,1657.548122
43,100,1658.718235
29,100,1659.859636
30,100,1660.925791
37,100,1661.586646
37,100,1662.716147
38,100,1663.499312
44,100,1664.3261
33,100,1665.168954
36,100,1665.627204
37,100,1666.616689
34,100,1667.529826
34,100,1668.327464
35,100,1669.278827
26,100,1670.080158
29,100,1670.944736
29,100,1671.735955
30,100,1672.740931
32,100,1673.397742
35,100,1674.359204
41,100,1674.987457
38,100,1675.64502
36,100,1677.694005
29,100,1678.226109
30,100,1679.016553
41,100,1680.291753
31,100,1681.574905
34,100,1682.420645
29,100,1683.502066
38,100,1684.799304
31,100,1685.822088
36,100,1686.753601
27,100,1687.258253
34,100,1688.114642
28,100,9365.455976
31,100,9367.145879
26,100,9367.900374
35,100,9369.523568
43,100,9370.747096
25,100,9371.970455
30,100,9373.139351
30,100,9373.8874
32,100,9375.00392
32,100,9375.923921
39,100,9376.728769
30,100,9377.555037
42,100,9378.217266
28,100,9379.498831
29,100,9380.381278
30,100,9381.050488
39,100,9381.567109
30,100,9382.263151
36,100,9383.005155
31,100,9383.720792
33,100,9384.366068
24,100,9384.817568
27,100,9385.511714
41,100,9386.152998
27,100,9386.908623
38,100,9387.386346
34,100,9388.045387
36,100,9388.658748
35,100,9389.261137
38,100,9389.884163
28,100,9390.394801
30,100,9391.009378
37,100,9391.634721
32,100,9392.240088
30,100,9392.692593
35,100,9393.556314
34,100,9394.412618
33,100,9395.155618
24,100,9395.773902
28,100,9396.216729
24,100,9396.826667
37,100,9397.452992
28,100,9398.146139
34,100,9398.803108
37,100,9399.263875
28,100,9399.87712
32,100,9400.496465
33,100,9401.120795
30,100,9401.604907
36,100,9402.236219
34,100,9402.840076
30,100,9403.450464
36,100,9404.055827
31,100,9404.498473
37,100,9405.104852
30,100,9405.723201
32,100,9406.33735
27,100,9406.782158
37,100,9407.39346
39,100,9408.023773
29,100,9408.652096
35,100,9409.266446
34,100,9409.724222
32,100,9410.422904
36,100,9411.026289
33,100,9411.643658
41,100,9412.091058
34,100,9412.861001
31,100,9413.573145
39,100,9414.341102
33,100,9415.074721
34,100,9415.641205
35,100,9416.307425
36,100,9416.91553
32,100,9417.516923
36,100,9418.123102
40,100,9418.567892
31,100,9419.174272
26,100,9419.773376
39,100,9420.382747
33,100,9420.823987
30,100,9421.437351
41,100,9422.048713
40,100,9422.667691
33,100,9423.283045
27,100,9423.741818
37,100,9424.34885
37,100,9424.953235
29,100,9425.581975
43,100,9426.020822
34,100,9426.644136
29,100,9427.254266
32,100,9427.857649
36,100,9428.499515
34,100,9428.943328
32,100,9429.568655
34,100,9430.187022
33,100,9430.796393
34,100,9431.240208
33,100,9431.942576
33,100,9432.603806
34,100,9433.341128
28,100,9433.952497
27,100,9434.396189
36,100,9435.012539
34,100,9435.614929
29,100,9436.218401
32,100,9436.816803
32,100,9437.259621
33,100,9437.857714
35,100,9438.45412
28,100,9439.095278
42,100,9439.560065
38,100,9440.191347
29,100,9440.801478
38,100,9441.412842
37,100,9442.023872
34,100,9442.464696
27,100,9443.15884
34,100,9443.860663
35,100,9444.540845
34,100,9445.124382
27,100,9446.302234
29,100,9447.560243
36,100,9448.336904
33,100,9449.113828
32,100,9449.679793
43,100,9450.968159
37,100,9451.721148
28,100,9452.377949
25,100,9452.85668
41,100,9453.555799
20,100,9454.283399
34,100,9455.142727
29,100,9456.481575
33,100,9457.752804
28,100,9459.209317
35,100,9460.490316
33,100,9461.600273
38,100,9463.219262
32,100,9464.302143
31,100,9465.746104
30,100,9467.469886
35,100,9468.419211
41,100,9469.068069
40,100,9470.539453
34,100,9471.542245
35,100,9472.215517
37,100,9472.999615
32,100,9473.591746
27,100,9474.748218
33,100,9475.583871
40,100,9476.508043
27,100,9477.02617
41,100,9477.844496
33,100,9478.682461
34,100,9480.42919
34,100,9481.823483
37,100,9482.395494
33,100,9483.294917
32,100,9484.27548
34,100,9485.917758
34,100,9486.759535
40,100,9487.772499
24,100,9488.856416
33,100,9489.866524
41,100,9491.177947
37,100,9492.0651
31,100,9493.102465
36,100,9494.420231
31,100,9495.526484
41,100,9496.817822
38,100,9497.387773
48,100,9498.932501
37,100,9500.854713
41,100,9502.101408
38,100,9502.699939
34,100,9504.167924
33,100,9505.529934
28,100,9506.768261
41,100,9507.794039
34,100,9508.497003
26,100,9509.663033
35,100,9510.875276
31,100,9511.730083
37,100,9512.357713
23,100,9514.02112
26,100,9515.215302
35,100,9516.267919
41,100,9517.278738
34,100,9518.00149
33,100,9518.911955
30,100,9519.949991
31,100,9521.034552
38,100,9521.741498
29,100,9522.638848
34,100,9523.718319
37,100,9524.771904
32,100,9525.924868
32,100,9526.79741
32,100,9528.232422
30,100,9529.784353
37,100,9530.911508
35,100,9531.808492
35,100,9532.513342
31,100,9534.207748
28,100,9535.588482
35,100,9536.601282
34,100,9537.290101
31,100,9538.699586
28,100,9540.246064
35,100,9541.278145
32,100,9542.369832
33,100,9543.518698
32,100,9544.183119
32,100,9544.833602
28,100,9546.011284
30,100,9547.006701
31,100,9548.228732
32,100,9549.672618
34,100,9550.941026
45,100,9551.568086
35,100,9552.133936
37,100,9553.334985
34,100,9554.595133
31,100,9556.256217
35,100,9557.527963
35,100,9559.175625
34,100,9560.92124
28,100,9562.793244
36,100,9564.577343
37,100,9565.788872
29,100,9566.785202
22,100,9567.421408
37,100,9568.035585
31,100,9568.794815
34,100,9569.528182
36,100,9570.773309
30,100,9571.99485
28,100,9573.080499
35,100,9573.509215
39,100,9574.103567
30,100,9574.836819
35,100,9575.462016
32,100,9576.411393
25,100,9577.121686
35,100,9577.899567
32,100,9578.760597
28,100,9579.766834
37,100,9580.717705
30,100,9581.880512
